keyword,casino_name,spins_amount,promo_code,wagering,max_cashout,bonus_type,slug,volume,kd,page_type
casino brango free spins,Casino Brango,1000.0,BOOSTYDEP,40x,50.0,no deposit,casino-brango-free-spins,480.0,25.0,casino
crypto casino free spins,Various Crypto,50.0,CG200,45x,100.0,crypto spins,crypto-casino-free-spins,480.0,20.0,general
free spins no deposit casinos,General No Deposit,50.0,NDK250FS,5x,50.0,no deposit,free-spins-no-deposit-casinos,480.0,4.0,general
how do i get super free spins on doubleu casino,DoubleU Casino,120.0,SUPERSPINS,30x,100.0,app spins,super-free-spins-doubleu-casino,480.0,28.0,casino
777 casino 50 free spins,777 Casino,50.0,77750FS,35x,100.0,welcome spins,777-casino-50-free-spins,390.0,39.0,casino
free spin no deposit casino,Captain Jack,100.0,SPOOKYSEASON,15x,100.0,no deposit,free-spin-no-deposit-casino,390.0,35.0,casino
captain jack casino free spins,Captain Jack,125.0,NN4PC33D,40x,50.0,promo spins,captain-jack-casino-free-spins,320.0,0.0,casino
free spin casino $100 no deposit bonus codes usa,Free Spin Casino,100.0,HAPPYBIRTHDAY,30x,100.0,$100 + spins,free-spin-casino-100-no-deposit-usa,320.0,13.0,casino
free spins crypto casino,MyStake,10.0,ENTERFREE,35x,100.0,crypto no dep,free-spins-crypto-casino,320.0,37.0,casino
lucky creek casino 100 free spins,Lucky Creek,100.0,LUCKYDICE100,60x,100.0,existing players,lucky-creek-casino-100-free-spins,320.0,9.0,casino
$200 no deposit bonus 200 free spins real money casino,Lucky Creek,200.0,NDKTRL,5x,50.0,$200 + spins,200-no-deposit-200-free-spins,260.0,17.0,casino
decode casino no deposit codes free spins,Decode Casino,250.0,NDKSW16,40x,50.0,slots spins,decode-casino-no-deposit-free-spins,260.0,40.0,casino
online casino no deposit free spins,Various Online,50.0,NDK250FS,40x,100.0,no deposit list,online-casino-no-deposit-free-spins,260.0,23.0,general
royal ace casino free spins,Royal Ace,100.0,KNDKM,30x,100.0,plentiful treasure spins,royal-ace-casino-free-spins,260.0,3.0,casino
7bit casino: 75 free spins,7Bit Casino,75.0,75BIT,45x,100.0,scroll of adventure,7bit-casino-75-free-spins,210.0,34.0,casino
captain jack casino 100 free spins,Captain Jack,100.0,SPOOKYSEASON100,40x,50.0,halloween spins,captain-jack-casino-100-free-spins,210.0,5.0,casino
casino brango 1000 free spins,Casino Brango,1000.0,BOOSTYDEP1000,40x,50.0,mega spins,casino-brango-1000-free-spins,210.0,37.0,casino
ignition casino bonus code free spins,Ignition Casino,150.0,IGWPCB150,25x,1500.0,crypto poker spins,ignition-casino-bonus-code-free-spins,210.0,24.0,casino
primaplay casino 200 free spins,PrimaPlay,200.0,YINYANG100,35x,100.0,alien wins,primaplay-casino-200-free-spins,210.0,21.0,casino
ripper casino 200 free spins code wolf200spins,Ripper Casino,200.0,WOLF200SPINS,60x,180.0,wolf gold,ripper-casino-200-free-spins-wolf200spins,210.0,38.0,casino
wild casino free spins no deposit,Wild Casino,250.0,WILD250,35x,1000.0,welcome spins,wild-casino-free-spins-no-deposit,210.0,28.0,casino
black lotus casino 75 free spins,Black Lotus,75.0,ND75Q,60x,100.0,quarterback slot,black-lotus-casino-75-free-spins,170.0,29.0,casino
casino with free spins no deposit,Various No Dep,50.0,NDK250FS,40x,100.0,general list,casino-with-free-spins-no-deposit,170.0,37.0,general
club player casino free spins,Club Player,27.0,RABBIT25,40x,100.0,coyote cash,club-player-casino-free-spins,170.0,12.0,casino
dreams casino 100 free spins plentiful treasure,Dreams Casino,100.0,DTD8PH,30x,180.0,plentiful treasure,dreams-casino-100-free-spins-plentiful-treasure,170.0,30.0,casino
grande vegas casino 100 free spins,Grande Vegas,100.0,NDBGV-0924,60x,180.0,giant fortunes,grande-vegas-casino-100-free-spins,170.0,31.0,casino
lucky duck casino free spins,Lucky Duck,50.0,DUCKSPINS,45x,100.0,duck-themed,lucky-duck-casino-free-spins,170.0,39.0,casino
ripper casino 200 free spins,Ripper Casino,200.0,WOLF200SPINS,60x,180.0,wolf gold,ripper-casino-200-free-spins,170.0,0.0,casino
free spin casino no deposit free $25,Free Spin Casino,25.0,FREESPIN25,60x,180.0,$25 chip + spins,free-spin-casino-no-deposit-free-25,140.0,34.0,casino
free spins no deposit casino bonus,General Bonus,75.0,BONUS75,40x,100.0,no dep bonus,free-spins-no-deposit-casino-bonus,140.0,27.0,general
online casinos free spins,Various Online,100.0,SPINS100,35x,100.0,welcome spins,online-casinos-free-spins,140.0,40.0,general
ozwin casino 100 free spins,Ozwin Casino,100.0,OZWIN100,30x,150.0,slots spins,ozwin-casino-100-free-spins,140.0,12.0,casino
100 free spins ignition casino no deposit,Ignition Casino,100.0,IGWPCB100,25x,1500.0,poker spins,100-free-spins-ignition-casino-no-deposit,110.0,0.0,casino
7bit casino 50 free spins,7Bit Casino,50.0,50BIT,45x,100.0,crypto spins,7bit-casino-50-free-spins,110.0,23.0,casino
a big candy casino free spins,Big Candy Casino,120.0,MA120,40x,100.0,masks of atlantis,a-big-candy-casino-free-spins,110.0,36.0,casino
bonus blitz casino free spins,Bonus Blitz,150.0,LWGFS100,30x,50.0,sweepstakes spins,bonus-blitz-casino-free-spins,110.0,33.0,casino
cafe casino free spins codes,Cafe Casino,100.0,CAFE100,40x,5000.0,slots codes,cafe-casino-free-spins-codes,110.0,36.0,casino
casino games free spins no deposit,General Games,50.0,GAME50FS,45x,100.0,no dep games,casino-games-free-spins-no-deposit,110.0,33.0,general
drake casino 60 free spins,Drake Casino,60.0,DRAKE60,40x,100.0,promo spins,drake-casino-60-free-spins,110.0,23.0,casino
free spins casino bonus,Various Bonus,75.0,CASINOBONUS,35x,100.0,bonus spins,free-spins-casino-bonus,110.0,37.0,general
ignition casino free spins,Ignition Casino,25.0,FREEROLL25,25x,1500.0,weekly spins,ignition-casino-free-spins,110.0,37.0,casino
lucky clover casino login free spins,Lucky Clover,50.0,CLOVER50,40x,100.0,login bonus,lucky-clover-casino-login-free-spins,110.0,28.0,casino
no deposit free spin casino,Various No Dep,50.0,NDKFS50,45x,100.0,no deposit,no-deposit-free-spin-casino,110.0,34.0,general
shazam casino 100 free spins,Shazam Casino,100.0,DIAMONDSPELL100,50x,100.0,diamond fiesta,shazam-casino-100-free-spins,110.0,38.0,casino
sunrise casino free spins,Sunrise Slots,80.0,SUNRISE80,60x,180.0,slots spins,sunrise-casino-free-spins,110.0,37.0,casino
true fortune casino free spins,True Fortune,50.0,CLOVR25,40x,50.0,shell shock,true-fortune-casino-free-spins,110.0,15.0,casino
verde casino 50 free spins,Verde Casino,50.0,STARBURST50,30x,25.0,starburst nd,verde-casino-50-free-spins,110.0,38.0,casino
casino free spins no deposit usa,US No Dep Casinos,75.0,USAFS75,40x,100.0,USA list,casino-free-spins-no-deposit-usa,90.0,32.0,general
cool cat casino free spins,Cool Cat,99.0,FF3QUJW,30x,100.0,bonus wheel,cool-cat-casino-free-spins,90.0,14.0,casino
duckyluck casino 100 free spins,DuckyLuck,100.0,DUCKY100,30x,250.0,exclusive spins,duckyluck-casino-100-free-spins,90.0,26.0,casino
free spin no deposit casinos,General Spins,65.0,SPOOKY65,50x,100.0,no dep list,free-spin-no-deposit-casinos,90.0,24.0,general
free spins ignition casino,Ignition Casino,150.0,IGWPCB150,25x,1500.0,crypto spins,free-spins-ignition-casino,90.0,40.0,casino
pacific spins casino free chip no deposit,Pacific Spins,125.0,ASI25,20x,50.0,free chip,pacific-spins-casino-free-chip-no-deposit,90.0,39.0,casino
punt casino free spins,Punt Casino,50.0,PUNT50FS,40x,180.0,RTG spins,punt-casino-free-spins,90.0,27.0,casino
777 casino 77 free spins no deposit,777 Casino,77.0,77777FS,35x,100.0,no dep 77,777-casino-77-free-spins-no-deposit,70.0,33.0,casino
7bit casino 30 free spins,7Bit Casino,30.0,30BIT,45x,100.0,crypto nd,7bit-casino-30-free-spins,70.0,40.0,casino
big dollar casino free spins,Big Dollar,100.0,BIG100FS,60x,100.0,dollar spins,big-dollar-casino-free-spins,70.0,25.0,casino
bitcoin casinos free spins,BTC Casinos,20.0,BTCFS20,35x,100.0,bitcoin list,bitcoin-casinos-free-spins,70.0,39.0,general
black lotus casino free spins existing players,Black Lotus,75.0,ND75QEXIST,60x,100.0,existing nd,black-lotus-casino-free-spins-existing-players,70.0,39.0,casino
brango casino rewards free spins,Casino Brango,500.0,REWARDS500,40x,50.0,loyalty spins,brango-casino-rewards-free-spins,70.0,39.0,casino
captain jack casino free spins promo code,Captain Jack,100.0,CAPJACK100,40x,50.0,promo code,captain-jack-casino-free-spins-promo-code,70.0,33.0,casino
casino free spins no deposit bonus,Bonus No Dep,100.0,BONUS100FS,40x,100.0,bonus list,casino-free-spins-no-deposit-bonus,70.0,19.0,general
crypto casino free spin,Crypto Casinos,10.0,CRYPTO10,35x,100.0,single spin,crypto-casino-free-spin,70.0,19.0,general
crypto casino free spin sites,Crypto Sites,50.0,SITES50,45x,100.0,sites list,crypto-casino-free-spin-sites,70.0,21.0,general
fair go casino free spins,Fair Go,100.0,100ENJOY,30x,180.0,plentiful treasure,fair-go-casino-free-spins,70.0,18.0,casino
fanatics casino 500 free spins,Fanatics Casino,500.0,FAN500FS,35x,100.0,mega spins,fanatics-casino-500-free-spins,70.0,35.0,casino
free no deposit spins casino,No Dep Spins,50.0,NODEP50,40x,100.0,general nd,free-no-deposit-spins-casino,70.0,27.0,general
golden clover casino login free spins,Golden Clover,50.0,GOLDEN50,40x,100.0,login bonus,golden-clover-casino-login-free-spins,70.0,3.0,casino
huuuge casino free spins,Huuuge Casino,Daily,DAILYSPIN,1x,Unlimited,app spins,huuuge-casino-free-spins,70.0,0.0,casino
jackpot casino free spins,Jackpot Casino,50.0,JACKPOT50,35x,100.0,jackpot spins,jackpot-casino-free-spins,70.0,25.0,casino
mirax casino 100 free spins,Mirax Casino,100.0,FS100,35x,100.0,weekly spins,mirax-casino-100-free-spins,70.0,12.0,casino
mirax casino 35 free spins,Mirax Casino,35.0,LUCKY7,45x,50.0,frenzy fortune,mirax-casino-35-free-spins,70.0,38.0,casino
raging bull casino free spins no deposit,Raging Bull,120.0,KINGSDESTINY120,30x,100.0,no deposit nd,raging-bull-casino-free-spins-no-deposit,70.0,15.0,casino
red stag casino 100 free spins 2025,Red Stag,100.0,RSSPRING,40x,100.0,2026 spins,red-stag-casino-100-free-spins-2025,70.0,40.0,casino
red stag casino 100 free spins no deposit,Red Stag,100.0,STAG100ND,50x,50.0,no dep,red-stag-casino-100-free-spins-no-deposit,70.0,40.0,casino
velvet spins casino 120 free spins,Velvet Spins,120.0,VELVET120,40x,100.0,cash bandits 3,velvet-spins-casino-120-free-spins,70.0,40.0,casino
50 free spins no deposit casino,General 50FS,50.0,50FSND,45x,100.0,no dep list,50-free-spins-no-deposit-casino,50.0,28.0,general
black lotus casino free spins existing players codes,Black Lotus,75.0,ND75QEXIST,60x,100.0,existing codes,black-lotus-casino-free-spins-existing-players-codes,50.0,35.0,casino
cafe casino free spins,Cafe Casino,100.0,CAFEFS100,40x,5000.0,code spins,cafe-casino-free-spins,50.0,33.0,casino
candy casino: 100 free spins no deposit,Candy Casino,100.0,CANDY100ND,50x,100.0,no dep,candy-casino-100-free-spins-no-deposit,50.0,4.0,casino
casino 50 free spins,Various 50FS,50.0,CASINO50FS,35x,100.0,50 spins list,casino-50-free-spins,50.0,31.0,general
duckyluck casino free spins promo code,DuckyLuck,150.0,DUCKYFS150,30x,250.0,promo code,duckyluck-casino-free-spins-promo-code,50.0,35.0,casino
fortuna casino free spins,Fortuna Casino,50.0,FORTUNA50,40x,100.0,slots spins,fortuna-casino-free-spins,50.0,21.0,casino
free spins raging bull casino,Raging Bull,50.0,RB50FS,30x,100.0,raging spins,free-spins-raging-bull-casino,50.0,28.0,casino
island reels casino 150 free spins,Island Reels,150.0,ISLAND150,40x,100.0,reels spins,island-reels-casino-150-free-spins,50.0,34.0,casino
lion slots casino 50 free spins,Lion Slots,50.0,LION50FS,45x,100.0,nd spins,lion-slots-casino-50-free-spins,50.0,0.0,casino
mirax casino 60 free spins,Mirax Casino,60.0,MIRAX60,35x,100.0,crypto spins,mirax-casino-60-free-spins,50.0,35.0,casino
moon casino 100 free spin,Moon Casino,80.0,MOON80,20x,100.0,moons spins,moon-casino-100-free-spin,50.0,2.0,casino
mystake casino free spins,MyStake,10.0,MYSTAKE10,35x,100.0,mystake nd,mystake-casino-free-spins,50.0,34.0,casino
online casinos no deposit free spins,Online No Dep,75.0,ONLKFS75,40x,100.0,online list,online-casinos-no-deposit-free-spins,50.0,2.0,general
osage casino free play spin the wheel promo code,Osage Casino,Daily,SPINTHEWHEEL,1x,50.0,wheel promo,osage-casino-free-play-spin-wheel-promo,50.0,32.0,casino
play croco casino 60 free spins,Play Croco,60.0,RICHESNEW55,60x,180.0,croco spins,play-croco-casino-60-free-spins,50.0,38.0,casino
real prize casino free spins,Real Prize,100.0,REAL100FS,40x,100.0,prize spins,real-prize-casino-free-spins,50.0,23.0,casino
red cherry casino 100 free spins,Red Cherry,100.0,CHERRY100,50x,100.0,cherry spins,red-cherry-casino-100-free-spins,50.0,34.0,casino
royal ace casino $100 free spins no deposit,Royal Ace,100.0,RAC100ND,30x,100.0,$100 nd spins,royal-ace-casino-100-free-spins-no-deposit,50.0,31.0,casino
stake casino free spins,Stake Casino,55.0,DEADSPIN,1x,Unlimited,sweepstakes sc,stake-casino-free-spins,50.0,38.0,casino
yay casino free spins promo code,Yay Casino,50.0,YAY50CODE,35x,100.0,yay promo,yay-casino-free-spins-promo-code,50.0,37.0,casino
21 casino free spins,21 Casino,50.0,21FS50,35x,100.0,21 spins,21-casino-free-spins,40.0,16.0,casino
casino brango 20 free spins,Casino Brango,20.0,BRANGO20,40x,50.0,small spins,casino-brango-20-free-spins,40.0,7.0,casino
casino classic 50 free spins,Casino Classic,50.0,CLASSIC50,30x,100.0,classic spins,casino-classic-50-free-spins,40.0,39.0,casino
casino max 100 free spins,Casino Max,100.0,NOV100PD,60x,100.0,FB-NOV100 spins,casino-max-100-free-spins,40.0,35.0,casino
crowngold casino free spins,CrownGold,20.0,No code,30x,20.0,fruit million nd,crowngold-casino-free-spins,40.0,3.0,casino
free spins reward code for lavish luck casino,Lavish Luck,50.0,REWARD50,40x,100.0,reward spins,free-spins-reward-code-lavish-luck-casino,40.0,28.0,casino
funclub casino no deposit bonus free spins,Funclub Casino,100.0,JOIN100,30x,100.0,€100 chip + spins,funclub-casino-no-deposit-bonus-free-spins,40.0,39.0,casino
grande vegas casino free spins,Grande Vegas,100.0,NDBGV0924,60x,180.0,giant fortunes,grande-vegas-casino-free-spins,40.0,32.0,casino
how to get 120 free spins on doubleu casino,DoubleU Casino,120.0,SUPER120,1x,Unlimited,app guide spins,how-to-get-120-free-spins-doubleu-casino,40.0,26.0,casino
ignition casino free spins code no deposit reddit,Ignition Casino,25.0,REDDIT25ND,25x,1500.0,reddit nd,ignition-casino-free-spins-code-no-deposit-reddit,40.0,27.0,casino
jackbit casino free spins,JackBit,100.0,JBVIP,0x,100.0,no wager spins,jackbit-casino-free-spins,40.0,39.0,casino
kalauna casino free spins,Kalauna Casino,50.0,KAL50FS,35x,100.0,kalauna spins,kalauna-casino-free-spins,40.0,17.0,casino
king billy casino 50 free spins,King Billy,50.0,No code,35x,100.0,wild tiger nd,king-billy-casino-50-free-spins,40.0,17.0,casino
lake palace casino free spins,Lake Palace,40.0,LP40FS,60x,100.0,cash vegas nd,lake-palace-casino-free-spins,40.0,0.0,casino
mandarin palace casino free spins,Mandarin Palace,100.0,MANDARIN100,50x,100.0,palace spins,mandarin-palace-casino-free-spins,40.0,13.0,casino
mega casino free spins,Mega Casino,50.0,MEGA50,35x,100.0,mega spins,mega-casino-free-spins,40.0,23.0,casino
mega medusa casino free spins,Mega Medusa,50.0,MEDUSA50,40x,100.0,medusa slot,mega-medusa-casino-free-spins,40.0,31.0,casino
mirax casino 40 free spins promo code,Mirax Casino,40.0,MIRAX40,35x,100.0,promo spins,mirax-casino-40-free-spins-promo-code,40.0,14.0,casino
pacific spins casino free spins,Pacific Spins,125.0,PACIFIC125,20x,50.0,spins nd,pacific-spins-casino-free-spins,40.0,39.0,casino
royal ace casino 100 free spins no deposit,Royal Ace,100.0,RAC100ND,30x,100.0,no dep 100,royal-ace-casino-100-free-spins-no-deposit,40.0,30.0,casino
royal ace casino free spins no deposit,Royal Ace,100.0,ROYALFS100,30x,100.0,ace nd spins,royal-ace-casino-free-spins-no-deposit,40.0,2.0,casino
free spins no deposit real money casino usa,US Real Money,50.0,USRM50,40x,100.0,USA real cash,free-spins-no-deposit-real-money-casino-usa,30.0,11.0,general
playlive casino 35 free spins,PlayLive!,35.0,PLAYLIVE35,1x,500.0,live spins,playlive-casino-35-free-spins,30.0,33.0,casino
real money online casino free spins no deposit,Real Money Online,75.0,RMON75,45x,100.0,real money list,real-money-online-casino-free-spins-no-deposit,30.0,11.0,general
slots win casino 100 free spins,Slots Win,100.0,SLOTS100WIN,40x,100.0,win spins,slots-win-casino-100-free-spins,30.0,1.0,casino
